startup_name,yfyi_batch,status,funding_usd,verticals,description,website,corporated,headquarter,founder_team,award,grant_amount_try,first_batch_year
Notrino - Curalive - Çağrı Asistanım,"2019, 2021",Active,,"Deeptech, Artificial intelligence, Healthtech",,notrino.com,TRUE,ODTÜ TEKNOKENT,Ça??n Polat,,,2019
Btech,"2014, 2015",Active,,"3D Printing, Industry40, Healthtech",,btech.com.tr,TRUE,ODTÜ TEKNOKENT,"Kuntay Akta?, Murat E?ri",General Electric ABD Kamp? Özel Ödülü; TEB ABD Kamp? Özel Ödülü,50000,2014
Agentscope AI,2024,Active,150000,"Artificial intelligence (AI), Big Data, Digital transformation",AI integration into business processes with no-code solutions,agentscope.com,TRUE,ODTÜ TEKNOKENT,Ali Yamuç,Techventure Yat?r?m Ödülü,,2024
Viseur AI,2024,Active,126550,"Artificial intelligence (AI), Healthtech",Deep learning for efficiency in medical image diagnosis,viseur.ai,TRUE,Ankara Teknokent,Serkan Sökmen,TEB Özel Ödülü,100000,2024
ADIM,2024,Active,,Edtech,3D simulations for interactive learning in education,adim.tech,TRUE,Bilkent Cyberpark,Batuhan Budak,,,2024
Agada,2024,Out of Business,,"E-commerce, Marketing tech, Artificial Intelligence (AI)","AI-powered gamification, loyalty, and referral solutions for customer engagement",agada.tech,TRUE,İstanbul,Bulent Akar,Invest101 Özel Ödülü,,2024
Alter,2024,Active,,Healthtech,A therapeutic composition for bone osseointegration and healing,,TRUE,Ankara,Aylin Sepici Dinçel,BiTES Özel Ödülü,75000,2024
APPITECH,2024,Active,,Artificial intelligence (AI),AI-driven mobile applications for advanced functionality,appitech.co,TRUE,İstanbul,AL? Demircan,,,2024
Black Paw,2024,Active,,"Artificial intelligence (AI), Edtech, Virtual reality (VR) - Augmented reality (AR)","Spectre, an AR-based 3D veterinary anatomy learning app for accessible education",blackpawtech.com,TRUE,İstanbul,Asl?han Demirsoy,,,2024
Datablast,2024,Active,,"Artificial intelligence (AI), Big Data, Cloudtech and DevOps",A data platform for mobile app and game developers to manage data independently,datablast.io,TRUE,İstanbul,Ozan Arslano?lu,VLMedia Özel Ödülü,75000,2024
EGN Power,2024,Active,,"Artificial intelligence (AI), Digital transformation, Energy",AI-driven asset management for renewable power plants,,FALSE,İstanbul,Mehmet Ali ?enel,,,2024
EntoCeres,2024,Active,,"Agritech, Sustainability",High-quality medicinal plants for sustainable essential oil extraction,,FALSE,Ankara,Özgün K?rdar,,,2024
HyperCrops,2024,Active,,"Agritech, Artificial intelligence (AI), Big Data, Carbon capture, Cloudtech and DevOps, Decarbonization, Internet of Things (IoT), Robotics and drones, Space tech, Sustainability",AI and big data for precision agriculture and farm optimization,,FALSE,OSTİM Teknopark,Tutku Muriz,OSTİM Kuluçka Ödülü,,2024
Hyperia,2024,Active,,Artificial intelligence (AI),Enterprise business processes with AI-powered secure software,,TRUE,ODTÜ TEKNOKENT,Ozgur Cankara,ODTÜ TEKNOKENT Özel Ödülü,,2024
Kurtuluş Deprem Simülasyonu,2024,Active,,"Earthquake resistant structures, Edtech, Virtual reality (VR) - Augmented reality (AR), Wearables",VR-based earthquake preparedness and training simulation for safety awareness,,FALSE,-,Nur Kuban Torun,,,2024
Sinapps,2024,Active,,"Artificial intelligence (AI), Healthtech, Wellbeing, Wearables",Biotechnologies and solutions for various health challenges,,TRUE,Ankara,Bü?ra Asena Say?n,ODTÜ TEKNOKENT Özel Ödülü,,2024
Posamas,2024,Active,,"Beauty, Foodtech, Wellbeing, Manufacturing, Sustainability",Fermented grape juice byproducts for high-antioxidant food and cosmetic products,posamas.com,TRUE,ODTÜ TEKNOKENT,Hande Güventürk,ODTÜ TEKNOKENT Özel Ödülü,,2024
Proses Design,2024,Active,,"Artificial intelligence (AI), Communication technologies, Digital transformation",Corrosion-resistant chemical process equipment and AI-driven automation for industrial operations,pdesignp.com,FALSE,Ankara,Bekir Bar?s Öztürk,,,2024
Raw Banana,2024,Active,,"Digital transformation, Disaster tech, Virtual reality (VR) - Augmented reality (AR)",Digital twin VR simulations for safety in high-risk work environments,,FALSE,ODTÜ TEKNOKENT,Cagri Yildirim,Elginkan Vakf? Büyük Ödülü,1000000,2024
RemotechLabs,2024,Active,,"Decarbonization, Digital transformation, Edtech, HRtech, Virtual reality (VR) - Augmented reality (AR)",Remote-access technology labs for education and research,remotechlabs.com,FALSE,Ankara,Mustafa Sefer Destegül,,,2024
STEP4,2024,Active,,"Climate tech, Supply chain technology, Sustainability",Support for businesses in sustainability regulations and ESG performance,step4.life,TRUE,OSTİM Teknopark,?zzet Furkan Y?lmaz,OSTİM Özel Ödülü,180000,2024
Toprak Mekatronik,2024,Active,,"Communication technologies, Healthtech, Wellbeing, Mobility tech, Robotics and drones, Wearables",Assistive technologies for digital accessibility for individuals with disabilities,toprakmekatronik.com,TRUE,ODTÜ TEKNOKENT,Mehmet Arslanyüre?i,"Techventure Özel Ödülü, BTECH Prototipleme ve Üretim Özel Ödülü",75000,2024
Umigame,2024,Active,,Gaming,Story-driven PC games with immersive narratives,umigamestudios.com,FALSE,ODTÜ TEKNOKENT,Deniz Kayacan,Onedio Tan?t?m Özel Ödülü,,2024
Unibio,2024,Active,,"Foodtech, Healthtech, Wellbeing",Biotechnology innovations for the food supplement industry,,FALSE,Ankara,Sema Akbaba,,,2024
Vignetim,2024,Active,,"Artificial intelligence (AI), Big Data, Digital transformation",A digital vignette and toll payment solution for simplified travel in Europe,vignetim.com,TRUE,Ankara,?evki Kocada?,Onedio Tan?t?m Özel Ödülü,,2024
Virtue24,2024,Active,,"Artificial intelligence (AI), Digital transformation, Manufacturing",AI-based defect detection systems for quality control in food production lines,virtue24.tech,FALSE,Ankara,Erdem Canaz,,,2024
Düğün Buketi,2023,Active,1142795,"Wedding, Marketplace",Find and book wedding related services and products,dugunbuketi.com,FALSE,Teknopark İzmir (İYTE),Bilgehan Y?lmaz,,,2023
Melo App,2023,Active,229689,"Beauty & cosmetics, Marketplace",Marketplace for beauty and makeup assistants,meloknows.com,FALSE,ODTÜ TEKNOKENT,Melis Bilgili Baki,Onedio Tan?t?m Özel Ödülü (300.000 ? kredisi),,2023
CareMed,2023,Active,194933,"Pet, Healthtech",Corporeal shock wave lithotripter for animals,caremed.com.tr,FALSE,Gazi Teknopark,Mehmet Emir Vaizo?lu,CoZone Kuluçka,,2023
M-Based,2023,Active,50400,"Sustainability, Advanced materials",Vegan leather technology with cork sole,m-based.com,FALSE,ODTÜ TEKNOKENT,"Görkem Göko?lu, Zeynep Can, Cahit Duhan Toprakç?","TEB Uluslaras?la?ma Ödülü, OSTİM Kuluçka",50000,2023
Spacelis,2023,Active,30000,"Deeptech, Aviationtech","Flexible solar cell technologies, sustainability and space exploration",spacelis.com,FALSE,Ankara,Güler Koçak,"TEB Uluslaras?la?ma Ödülü, CoZone Seat Kuluçka",50000,2023
Nefes Iot,2023,Active,,"Internet of things, Public Safety","IoT solutions for various environmental challenges, early forest fire detection",nefesiot.com,FALSE,Kayseri,"Fuad Samedzade, Amir YeganehSahab, Nijat Aliyev, Jamil Aghasiyev","Elginkan Vakf? Büyük Ödülü, CoZone Seat Kuluçka",300000,2023
Some Carbon,2023,Active,,"Climatetech, Energy, Cleantech","Project design, facility installation and industry-integrated R&D studies in converting industrial carbon dioxide emissions into alternative fuels and value-added products",someco2.com,FALSE,Hacettepe Teknokent,"Osman Kaz?, Do?an Çiçek, Serhat Can Bayar","OSTİM Ödülü, OSTİM Kuluçka",50000,2023
Rens,2023,Active,,"Sustainability, Marketplace, SaaS",SaaS platform combining waste and carbon management,rens.co,FALSE,Ankara,Cem Gökhan Hano?lu,OSTİM Ödülü,50000,2023
Hyperactive Games,2023,Active,,"Baby toddler, Gaming",Developer of interactive and artificial intelligence based educational games,hyperactive.games,FALSE,ODTÜ TEKNOKENT,Mehmet Uzun,"Onedio Tan?t?m Özel Ödülü (100.000 ? kredi), ODTÜ Teknokent Kuluçka",,2023
Sparkler,2023,Out of Business,,Artificial intelligence,AI-powered note-taking app,sparkler.ai,FALSE,,"Sina Ba?c?, Sonia Lal, Yusuf Terzi",,,2023
Nutshell Education Technologies,2023,Active,,Edtech,Nutshell is designed to revolutionize online learning by shifting the method of online learning to the learner-centric approach that enhances efficiency and empowers users to harness the full potential of MOOCs,,FALSE,ODTÜ TEKNOKENT,"Mehmet Akif Akçay, Seha Polat, Ça?r? Çak?ro?lu",,,2023
FRESHDATA Technologies,2023,Active,,Internet of things,Revolutionizing Communications for IoT,,FALSE,ODTÜ TEKNOKENT,Elif Uysal,CoZone Seat Kuluçka,,2023
Fitcheck,2023,Active,,Fashion,"Fashion resale, powered by video & live streams",appfitcheck.com,FALSE,Ankara,Mete Özcan,,,2023
Clair,2023,Active,,Cleantech,Air quality monitor,,FALSE,Ankara,"Serkan Çak?r, Peter Chaisty, Murat Gence, Miraç Lütfulah Gülgönül",,,2023
BlueBit,2023,Out of Business,,Artificial Intelligence,Warehouse process monitoring with image processing,,FALSE,,"Berk Çiçek, Damla K?rd?m, Efe Kerem Kesgin, Berkin Ate?",,,2023
Aman,2023,Out of Business,,Disastertech,Aman guides lives to safety,aman4sar.com,FALSE,,"Mohammad Abdeh, Muhammed Alhasan",,,2023
AI Dist,2023,Out of Business,,Artificial Intelligence,Recommendation engine using ML,aidist.net,FALSE,,"Sedat Alt?np?nar, Emre Atalan, O?uzhan Cengiz, Mauricio Martinez Guerrero",,,2023
Safe4Log,2023,Out of Business,,Logistics,Solutions that enable companies to control the costs caused by damage to deliveries during the shipment process and make improvements in the process,safe4log.com,FALSE,,Zeynep Nur Me?e,"PttAvm Özel Ödülü, PTT Kuluçka",100000,2023
TheClico,2022,Active,120000,Artificial intelligence,Artificial intelligence solutions in digital reputation management,the-clico.com,FALSE,Hacettepe Teknokent,"Mehmet Sadettin Akal?n, Halil Bölük, Bü?ra Alasya","PttAvm Özel Ödülü, KoçSistem Özel Ödülü",,2022
Packard,2022,Active,115519,Electronics,Portable electric air conditioner and refrigerator,packardtr.com,FALSE,Konya Teknokent,Mehmet Acar,,,2022
Driven,2022,Active,,"Autotech, Artificial intelligence",Autonomous vehicle solutions,drivenavs.com,FALSE,Ankara,Josef Karaburun,Elginkan Vakf? Uluslararas?la?ma Ödülü,100000,2022
SoilBiom,2022,Active,,"Biotech, Climatetech, Sustainability, Agritech",Plant-specific microbial preparation developer,soilbiom.com,FALSE,Ankara Teknokent,"Atakan Pipilos, Atakan Y?ld?z, Deniz Sapaz",,,2022
Refresh the Future,2022,Out of Business,,"Climatetech, Sustainability",Reusable and returnable solutions for take-away and delivery pack,refreshthefuture.co,FALSE,Impact Hub İstanbul,"?sa Özdemir, Zeynep Hazal Demirta?, ?rem Nur Yüksel",,,2022
Phoyer,2022,Out of Business,,"AR / VR, NFT",Video and augmented reality platform focusing on performance art,phoyer.app,FALSE,,P?r?l Gündüz,Onedio Tan?t?m Özel Ödülü (50.000 ? Reklam kredisi),,2022
heQa.ai,2022,Out of Business,,"Healthtech, Artificial intelligence",AI powered ear care solutions,heqa.ai,FALSE,,,,,2022
AppVest,2022,Active,,"Smart manufacturing, Industry40, Artificial intelligence",All in one solution for online manufacturing,app-vest.com,FALSE,Ankara,"Yavuz Y?ld?z, Bayram Berk Tanr?sevdi",OSTİM Ödülü,,2022
Zen Uyku,2022,Out of Business,,Healthtech,Device that facilitates falling asleep with breath control,zenuyku.com,FALSE,,,,,2022
Nilbio Engineering,2022,Active,,"Climatetech, Sustainability",Waste management solutions,nilbio.com.tr,FALSE,Isparta,Berk B?trak,,,2022
Bionome,2022,Active,,Biotech,"Microorganism-based production of raw materials used in pharmaceuticals and cosmetics, using genetic engineering methods",bionome.com.tr,FALSE,Hacettepe Teknokent,Nerve Cansu ??eri,Elginkan Vakf? Büyük Ödülü,,2022
BixByte,2022,Active,,"Smart city, Image process, Artificial intelligence",Software that detects crime in real-time via surveillance images and alerts the authorities,bixbyte.co,FALSE,TOBB ETÜ Garaj,Muhammed Y?lmaz,,,2022
Kybele's Garden,2022,Active,,"Climatetech, Sustainability, Agritech",Biponics farming solution,kybelesgarden.com,FALSE,ODTÜ TEKNOKENT,Aygen Sava? Alkan,,,2022
İyileştir,2022,Active,,Productivity,Instant feedback platform for increasing customer loyalty,iyilestir.com,FALSE,Ankara,Ahmet Samet Hal?c?,,,2022
Plankton,2022,Out of Business,,"Climatetech, Sustainability, Marinetech, Cleantech",Products to capture freely roaming surface debris in water resources,planktontech.co,FALSE,,?lkem Tünay,,,2022
COFFENEXT,2022,Out of Business,,"Climatetech, Sustainability",Eco-friendly waste management service,coffenext.com,FALSE,,"Berk ?ahin, Batuhan Ay?k","Elginkan Vakf? Büyük Ödülü, TEB Uluslaras?la?ma Ödülü",,2022
DilekA?ac?m,2022,Out of Business,,Gift,Wish list creation platform where individual and corporate users can list the gifts they need and share them with their relatives,dilekagacim.com,FALSE,,,,,2022
Coffeepin,2022,Out of Business,,"Blockchain, Web3, NFT",Blockchain based customer loyalty rewards program,coffeepin.me,FALSE,,Murat Düzen,,,2022
SynthData,2022,Out of Business,,Big data,Platform for banks and insurance companies to generate no-code synthetic data with artificial intelligence,synthdata.co,FALSE,,Nazife Nur Köksal,VLMedia Özel Ödülü,,2022
?eften,2022,Out of Business,,Meal delivery,,,FALSE,,"Ece Ya?d?ran, Tar?k Ya?ar, Berkay Demirören",Onedio Tan?t?m Özel Ödülü (100.000 ? Reklam kredisi),,2022
Ddosify - Anteon,2021,Active,1480000,"Developer Tools, SaaS",Load testing and DDOS attack simulation,ddosify.com,FALSE,ODTÜ TEKNOKENT,"Fatih Baltac?, Onur Çakmak, Kür?at Akta?","Elginkan Vakf? Büyük Ödülü, KoçSistem Özel Ödülü",50000,2021
Digigammon,2021,Active,,"Gaming, SaaS",Automatic backgammon transcription system,digigammon.com,FALSE,Ankara,Cihan Göksu,,,2021
ChemCode,2021,Active,,Biotech,Biotech and software solutions,chemcode.com.tr,FALSE,İzmir,Selçuk U?urlu,Türk Ekonomi Bankas? Ödülü,50000,2021
Biopols,2021,Active,,"Climatetech, Foodtech",Food storage technology with antibacterial and antioxidant properties,biopols.co,FALSE,ODTÜ TEKNOKENT,"Sena Tar?m, Umut Aydemir",Elginkan Vakf? Büyük Ödülü,50000,2021
CERVOS,2021,Active,,"Telecom, Aviationtech",Nano satellites and unmanned aerial systems,cervos.space,FALSE,Bilkent Cyberpark,"Kadir Serhat Alt?nt??, Berkay Küçükk?lavuz",,,2021
AlgBio,2021,Active,,"Biotech, Climatetech, Energy, Cleantech",Produces biofuels and chemical products,alg-bio.com,FALSE,İstanbul,Selen ?enal,,,2021
Distant,2021,Out of Business,,AR / VR,Develops location-based augmented reality applications,distanttech.com,FALSE,ODTÜ TEKNOKENT,Deniz Özcan,Elginkan Vakf? Uluslararasla?ma Ödülü,,2021
Integva,2021,Active,,Robotics,"Sales and technical support services in design, automation, robot applications and engineering software",integva.com,FALSE,ODTÜ TEKNOKENT,Hüseyin Orhun Demir,Ostim Özel Ödülü,25000,2021
Dorm,2021,Out of Business,,"Event, Social network",Social platform that aims to match university students,meetdorm.com,FALSE,,"Defne Akter, Bilginer Sar?",,,2021
Magfi,2020,Active,1150000,"Social media, Sustainability, Marketplace, Social network",Social networking platform for communities and groups,magfiads.com,FALSE,YTÜ Teknopark,"Tolga Ünlü, Mustafa Fikret U?ur",,,2020
Sweephy,2020,Active,130238,Artificial intelligence,Data cleaning and preparation platform,sweephy.com,FALSE,"Tallin, İstanbul",Abdullah Alka Kandilli,,,2020
solarVis,2020,Active,100000,"Climatetech, Energy, SaaS",Provides software and field services to the energy industry,solarvis.co,FALSE,ODTÜ TEKNOKENT,"Samet Y?ld?r?m, Enes Berk Karahançer",,,2020
Breathall,2020,Out of Business,,Healthtech,Develops smart chest physiotherapy solutions for infants,breathall.com,FALSE,,"Selami Erdo?an, Alper Bu?ra Eren",,,2020
Vivente,2020,Out of Business,,"Healthtech, Artificial intelligence",AI solutions for healthcare,viventesoft.com,FALSE,,Elif Kübra Çontar,Elginkan Vakf? Büyük Ödülü,100000,2020
Hetes,2020,Out of Business,,"Textile, Logistics",E-commerce logistics service,hetes.co,FALSE,,Güliz Ayd?n,,,2020
WeeKiddo,2020,Out of Business,,"Sustainability, Edtech, Baby toddler",Online learning app for preschool children,weekiddo.com,FALSE,,"?evval Koç, Tu?rul Hasan Furkan Abay",,,2020
Noticy,2020,Out of Business,,"Smart home, Internet of things","Smart home appliances that save water, energy",noticy.net,FALSE,,"Umut Türemen, Engin A??klar, Emre Ba?",,,2020
Optio,2020,Out of Business,,"Constructiontech, SaaS",AI-based housing design,optiostudio.com,FALSE,,Ufuk Baydilek,,,2020
Bionova,2020,Out of Business,,"Biotech, Climatetech, Sustainability",Biotechnological solutions to industrial food waste,bionovatech.co,FALSE,,Ay?e Sultan Kurt,,,2020
HED,2020,Out of Business,,,,,FALSE,,,,,2020
Yolla,2020,Out of Business,,,,,FALSE,,,,,2020
Castera,2020,Out of Business,,,,,FALSE,,,,,2020
favor,2020,Out of Business,,"Climatetech, Restaurant, Sustainability","Marketplace application, where consumers can reach to consumable goods with lower prices to prevent those goods from going to waste",favortr.com,FALSE,,Tunç Karabayer,,,2020
Case Future,2020,Active,,Edtech,Upskilling platform that links e-learning with career,casefuture.com,FALSE,Londra,,,,2020
HiFace,2020,Active,,"AR / VR, Beauty & cosmetics, Artificial intelligence",Allows try with makeup and accessories live with AR,hiface.ee,FALSE,Tallin,Hüseyin Tamer,,,2020
iyiMakina,2020,Active,,"Ecommerce, Marketplace",Auction based online marketplace for used heavy equipment and trucks,iyimakina.com,FALSE,İTÜ Teknokent,Sinan Zabuno?lu,,,2020
Occulera,2020,Active,,"AR / VR, Healthtech, SaaS",Eye health services with virtual reality technology,oculera.health,FALSE,OSTİM Teknopark,"Ka?an Özaslan, Mert Kele?, Hande Güleç, Mehtap Abay",Elginkan Vakf? Uluslararas?la?ma Ödülü,,2020
Porion,2020,Active,,Biotech,Biotech solutions,poriontech.com,FALSE,Ankara,"Burcu Tamkoç, Berfu Safranbolulu",,,2020
Tvoystol,2020,Out of Business,,,Restaurant reservation platform,tvoystol.com,FALSE,,"Ahmet Altunta?, Umut Semen",,,2020
Tuvis,2019,Exit,,"Smart manufacturing, Industry40, Artificial intelligence",Artificial intelligence based visiual inspection system for industrial processes,tuvisai.com,FALSE,,"Bahad?r Gölcük, Batuhan ?ahin, Eyüp Görkem Bayram",,,2019
Safellence,2019,Out of Business,,"Healthtech, Artificial intelligence",AI based digital safety platform,safellence.de,FALSE,,,,,2019
Powder Tech - Ultimate Powders,2019,Out of Business,,"Deeptech, Advanced materials",Boron carbide production,powdertechturkey.wixsite.compowdertech,FALSE,,Berkay Büyüklüo?lu,Ostim Ödülü,20000,2019
Lonca,2019,Out of Business,,Retailtech,Location based AR solutions for retailtech,lonca.gitlab.io,FALSE,,,,,2019
Fado,2019,Out of Business,,Advertising,Platform where users earn discounts by watching videos,fadozoneco.wixsite.comfado,FALSE,,"Mert Gökçüo?lu, Mahmut Can Tuncer, Berkem Peker, Ay?egül Yavuz, Zeynep Ergeneci",,,2019
AeroES,2019,Out of Business,,"Climatetech, Energy",Wind tunnel producer,aeroesmetu.wixsite.comaeroes,FALSE,,,,,2019
Inspecthink,2019,Out of Business,,Image process,Visual quality control processes,inspecthink.com,FALSE,,Umut Öztürk,,,2019
NeoPoliclinic,2019,Out of Business,,Healthtech,Polyclinic referral tool based on patient symptoms,neopoliclinic.com,FALSE,,"Osman Da?, Metin Ye?iltepe",,,2019
Hetra,2019,Out of Business,,Productivity,User experience and space management tool to support productivity,hetraturkey.com,FALSE,,Ahmed Akyol,,,2019
Renty,2019,Out of Business,,Sharing economy,Product rental platform for university students,rentyapp.co,FALSE,,Sefa Biber,,,2019
Wobeya,2019,Out of Business,,"Marketplace, Hrtech, Artificial intelligence",ML powered consultancy services with freelancers,wobeya.com,FALSE,,"Adnan Durmu?o?lu, Ya??z Çuhadar",,,2019
TradeMate,2019,Out of Business,,,,,FALSE,,,,,2019
Tiroit,2019,Out of Business,,,,,FALSE,,,,,2019
SRT,2019,Out of Business,,,,,FALSE,,,,,2019
Akıllı Fon - Robo Advisor - Magnus,2019,Active,502000,"Artificial intelligence, Fintech",AI based portfolio optimization and robo advisory platform,getmagnus.com,FALSE,Ege Teknopark,"Ercan Gümü?, Esra Ula?an, Özlem Önder",,,2019
Bakiyem,2019,Active,219595,Fintech,Online payment system,bakiyem.com,FALSE,Gazi Teknopark,"Umut Yalç?n, Tolga Yalç?n",,,2019
CY Enerji,2019,Active,,"Climatetech, Energy",Roof-mounted solar tracking system,cyenerji.com,FALSE,-,Cantürk Y?lmaz,EPDK & ELDER Ödülü,25000,2019
Volte,2019,Active,,"Climatetech, Mobility, Autotech",Application for accessing car charging stations for electric vehicle users,volt-e.com,FALSE,Ankara,"Mert Turgay, Muratcan Igdeli",,,2019
EarFit,2019,Active,,Healthtech,Produces ear molds for hearing aids,earfit.com.tr,FALSE,ODTÜ TEKNOKENT,Kubilay Akta?,Elginkan Vakf? Teknoloji Büyük Ödülü,50000,2019
Persona,2019,Active,,Hrtech,Psychology-based software that supports HR and management processes,personacode.com,FALSE,Ankara,"Meliha Ak?n, ?rem Kaya",,,2019
Qubitro,2019,Active,,"Internet of things, SaaS",Cloud platform for IoT projects,qubitro.com,FALSE,Delaware,Beray Bentesen,,,2019
Test Robotic,2019,Active,,SaaS,Scalable and cloud-based test automation platform,testrobotic.com,FALSE,-,,,,2019
Enio,2019,Active,,"Deeptech, Agritech, Artificial intelligence",ML based chemical free plant protection system,en-io.com,FALSE,Ege Teknopark,"Onur Yalç?n, Tunjar Asgarli",,,2019
Alp Imaging,2019,Active,,Healthtech,Medical imaging systems,alpimaging.com,FALSE,Ankara,Alp Erdem Yavuz,,,2019
Geodo,2019,Active,,"Location, Military",Easy reporting and marking handheld terminal for location based tasks,geodo.tech,FALSE,ODTÜ TEKNOKENT,"Eniscan Bubik, Efe Kart",,,2019
Algodocs,2019,Active,,"Artificial intelligence, SaaS",AI-Powered document data extraction software,algodocs.com,FALSE,İzmir,,,,2019
UlakFin,2019,Out of Business,,"Agency, Fintech",Smart financial data & technology services,ulakfin.com,FALSE,,"O?uzhan Mailmail, Bar?? Nas?r",,,2019
Prosoft VR,2019,Active,,"AR / VR, Textile",Design and develop progressive VR & AR projects,prosoftvr.com,FALSE,Gebze Bili?im Vadisi,Selçuk ?ireci,,,2019
Pinterrail,2019,Active,,"Content, Travel",Collaborative platform aiming to gather people to share their travelling experiences,pinterrail.com,FALSE,-,Burak Gündüz,,,2019
Warden Legal,2018,Out of Business,25000,"Legaltech, Artificial intelligence",AI based legal assistant,wardentech.co,FALSE,,"Onat Topal, Ça??n Polat",Growth Circuit’tan Yat?r?m Alan Giri?imler,,2018
Lifecare,2018,Out of Business,,Healthtech,Body analyzer,lifecare.fit,FALSE,,Aytu? Berk Sezer,,,2018
Ruwell,2018,Out of Business,,Healthtech,Personal smart security device,ruwell.co,FALSE,,Utku Akman,"VennDesign Özel Ödülü, Onedio Özel Ödülü",50000,2018
Qwerty,2018,Out of Business,,Agency,Design and information technology services,groupqwerty.com,FALSE,,Bü?ra Özcan,Btech Özel Ödülü,,2018
Happy Meal,2018,Out of Business,,Healthtech,Product that allows people to control their weight using their own brainwaves,control-w.com,FALSE,,,,,2018
DORA,2018,Out of Business,,Military,Smart mine marking solutions,groupdora.com,FALSE,,Betül Akta?,Savunma Sanayii Ba?kanl??? Ödülü,25000,2018
Coolin,2018,Out of Business,,Healthtech,"Smart, portable cooler",coolin.io,FALSE,,"Koray Hisarl?, Yavuz Paksoy",,,2018
HERA,2018,Out of Business,,"AR / VR, Hrtech",Personality analysis and talent management platform via VR,doorsthegame.co,FALSE,,Simge Toksöz,TÜPRA? Ödülü,25000,2018
SafeTech,2018,Out of Business,,Cybersecurity,SCADA Intrusion detection and blocking system,safe-tech.com.tr,FALSE,,Fatma Ertürk,EPDK & ELDER Ödülü,25000,2018
Davetcom,2018,Out of Business,,Wedding,Platform where couples can create and share their own wedding sites,davet.com,FALSE,,,Onedio Özel Ödülü,,2018
Pappirus,2018,Out of Business,,"Social media, Agency, SaaS",SaaS tool to managing social media marketing,pappirus.com,FALSE,,"Aytunc Uysal, O?uzhan Arnak, Murat Sözcü",,,2018
Robibot,2018,Out of Business,,"Robotics, Edtech, Baby toddler",Educational robot teaching algorithms and coding,robibot.com,FALSE,,Sezgin Gül,,,2018
Ankabeta - Parxlab.co,2018,Out of Business,,"Smart city, Mobility",Parking management system,parxlab.tech/,FALSE,,"Berk ?ahin, Halil Bak?rc?",Halk Oylamas? Ödülü,7500,2018
Microtherm - Microsolar,2018,Out of Business,,,,,FALSE,,Rahim Jafari,EPDK & ELDER Ödülü,25000,2018
The Gears Company,2018,Out of Business,,,,,FALSE,,,,,2018
Ultralab,2018,Out of Business,,Healthtech,Design and develop portable mobile ultrasound devices,ultralabltd.com,FALSE,,,,,2018
Blok-z,2018,Active,725000,"Energy, Climatetech, Blockchain",Helps energy companies build services for their customers through enterprise level software applications,blok-z.com,FALSE,ODTÜ TEKNOKENT,"Erhan Y?ld?r?m, Selim Sat?c?","Growth Circuit’tan Yat?r?m Alan Giri?imler, ASO Özel Ödülü",,2018
BPREG,2018,Active,300000,Autotech,Develops fiber-reinforced thermoplastic composite materials for automotive industry in order to lighten the vehicles,bpreg.com,FALSE,Ege Teknopark,Burcu Karaca U?ural,TEB Özel Ödülü,25000,2018
Sensgreen,2018,Active,185000,"Energy, Climatetech, Proptech, Internet of things, Sustainability",Energy and time saving solutions for commercial real estates,sensgreen.com,FALSE,ODTÜ TEKNOKENT,,"Growth Circuit’tan Yat?r?m Alan Giri?imler, TÜPRA? Ödülü",25000,2018
Triwi - Rokka,2018,Active,136831,"Biotech, Deeptech",Technological solutions for women's health and comfort,triwi.info,FALSE,Teknopark İzmir (İYTE),"Alara Akças?z, Zeynep Akças?z","Elginkan Vakf? Büyük Ödülü, Onedio Özel Ödülü",100000,2018
InfraDynamics,2018,Active,,"Biotech, Deeptech",Working on non-invasive treatment of various cancer types,https://users.metu.edu.tr/ggunbas/infradynamics.html,FALSE,-,Görkem Günba?,,,2018
SFM Software - Inovarium,2018,Active,,"Industry40, Business intelligence, SaaS",Cost estimation and process improvement solution,sfmyazilim.com,FALSE,ODTÜ TEKNOKENT,Ersan Turan,"Elginkan Vakf? Uluslararas?la?ma Ödülü, OSTİM Ödülü",15000,2018
AREYTech,2018,Active,,"Smart city, Climatetech, Energy, Internet of things",Energy management solutions,areylight.com,FALSE,Teknopark Ankara,Haluk Y?lmaz,KoçSistem Özel Ödülü,30000,2018
iCaked,2017,Out of Business,70000,Meal delivery,Online cake design and order service,icaked.com,FALSE,,Kadem Berker Ya?ar,"Btech Prototipleme Özel Ödülü, Onedio Reklam Deste?i Özel Ödülü",,2017
Comind AI,2017,Out of Business,20000,"Deeptech, Artificial intelligence",Machine intelligence technologies,comind.ai,FALSE,,Ahmet Üstün,Onedio Reklam Deste?i Özel Ödülü,,2017
Seyisco,2017,Out of Business,20000,"Deeptech, Mobility, Autotech, Artificial intelligence",Smart pothole detection,seyis.co,FALSE,,"Ali Cagatay Kuru, Bar?? Kaya","KoçSistem Özel Ödülü, Elginkan Vakf? Uluslararasla?ma Ödülü, Growth Circuit’tan Yat?r?m Alan Giri?imler",,2017
Trendoline,2017,Out of Business,20000,"Content, Social network",Daily and weekly trend topics and challanges,trendoline.com,FALSE,,Ashkan Alizadeh,,,2017
Drive Buddy,2017,Exit,,Autotech,It detects car accident automatically by using sensors on the phone,drivebuddyapp.com,FALSE,,"Emre Yi?it Alparslan, Esref Ozturk",,,2017
Restearn,2017,Out of Business,,"Retailtech, Marketingtech",Customer loyalty and marketing platform for retail businesses that value data-driven growth,restearn.com,FALSE,,"Mertcan Gül, Bar?? Dönmez, Said Yüce",Halk Oylamas? Ödülü,,2017
Peerket,2017,Out of Business,,SaaS,Social booking platform where users can schedule sports activities,peerket.com,FALSE,,Ahmet Murat Dursun,Onedio Reklam Deste?i Özel Ödülü,,2017
IMERA,2017,Out of Business,,"Smart city, Energy",Smart street lighting,imeraelectronics.com,FALSE,,"Gökçe Ak, Mehmet As?m Özcan",,,2017
Niceveri,2017,Out of Business,,"Internet of things, Industry40",Forklift tracking system,niceveri.com,FALSE,,Talha I??k,,,2017
MASA,2017,Out of Business,,Internet of things,"An integrated MEMS sensor that can be installed on cables carrying a single phase for power line safety applications, measuring the current flowing through the cable and the voltage of the cable relative to ground or other phases without contact",,FALSE,,K?vanç Azg?n,,,2017
Bzzify Yazılım,2017,Out of Business,,Healthtech,"A smartphone-based system that helps physicians examine and diagnose chronic wounds, redness, allergies, etc. on the skin and facilitates remote and temporal monitoring",,FALSE,,"Arif Usta, Hulda R?fat Özakp?nar, ?smail Tahir Kökten, Yusuf O?uzhan Artan",,,2017
Evreka,2017,Active,4545126,"Smart city, Internet of things, Cleantech, SaaS",Smart garbage collection with sensors detecting fullness,evreka.co,FALSE,ODTÜ TEKNOKENT,"Berkay Akçora, Umutcan Duman, Mert Barutçu, Mehmet Pancaro?lu",,,2017
Mikro Biyosistemler - Cellsway,2017,Active,4110000,"Biotech, Deeptech",Develops a liquid biopsy platform-isolation and enumeration of Circulating Tumor Cells (CTCs) from blood to enable cancer monitoring,cellsway.com,FALSE,ODTÜ TEKNOKENT,"Haluk Külah, Ebru Özgür, Özge Zorlu","IE Business School Özel Ödülü, ASO Ödülü",,2017
Gauss İstatistik Ar-Ge - ENHENCER,2017,Active,1890000,"Big data, Agency",Statistical solutions for firms,gauss.com.tr,FALSE,ODTÜ TEKNOKENT,"Bar?? Sürücü, Damla Dokuzo?lu, Serkan O?uz, O?uz Atuk, Olcay Öztürk",,,2017
Mavilab Yazılım (Cybellelaser),2017,Active,800000,Healthtech,Laser epilation device manufacturer,cybellemedical.com,FALSE,İstanbul,"Mustafa Kemal ??en, Sinan Gündo?du",,,2017
3D3 Teknoloji,2017,Active,120000,"3D Printing, Industry40","3D printer manufacturer, additive manufacture technology developer",3d3teknoloji.com,FALSE,Ankara,"H. Berk Giray, Tolga Giray","IE Business School Özel Ödülü, OSTİM Ödülü",,2017
WebGazer,2017,Active,20000,IaaS PaaS,Cloud-based website and server monitoring service,webgazer.io,FALSE,Delaware,"Gökhan Sar?, Muharrem Altan Akdogan",,,2017
Tulpar Arge - Buyan - Burkut,2017,Active,,Military,Hybrid armor and self-repairing material production,tulpartech.com,FALSE,Ankara,"Matin Ghaziani, Enis Ya?ar, Masoud Latifi Navid",Elginkan Vakf? Büyük Ödülü,100000,2017
Kuantek,2017,Active,,"Deeptech, Electronics","IT solution provider for military, industrial, consumer and biomedical markets",kuantek.com.tr,FALSE,Gebze Bili?im Vadisi,"An?l Çelebi, Aysun Ta?yap? Çelebi, Sinem Özer, Ozan Ku?çu",TEB Ödülü,,2017
Pyronome,2017,Active,,IaaS PaaS,Multi-language software development platform,pyronome.com,FALSE,ODTÜ TEKNOKENT,,Savunma Sanayii Müste?arl??? Ödülü,,2017
Eyesoft,2017,Active,,Image process,Eye controlled technology solutions,eyesoft.com.tr,FALSE,ODTÜ TEKNOKENT,"Mehmet Dönmez, Sevilay Sülüno?lu ?mre, Kür?at Ça??ltay, ?evki Kocada?",,,2017
Akıllı BES,2017,Active,,Fintech,Personal smart investment advice platform for pension plans,akillibes.com.tr,FALSE,İstanbul,"Onur Yurtsever, Abdurrahman Be?inci",,,2017
DijiFi - Para Mandal?,2017,Active,,Content,"Online blog producing content focused on technology, life and finance",paramandali.com,FALSE,İstanbul,"Özgür Kara, Öznur Kara",,,2017
Meetinghand,2017,Active,,"Event, SaaS",Conference and event management software,meetinghand.com,FALSE,ODTÜ TEKNOKENT,Esat Arber,,,2017
Udentify,2016,Exit,236000,"Retailtech, Image process, Deeptech, Artificial intelligence",Face recognition and image processing solutions for retail,remvisionlab.com,FALSE,,Can Dörtkarde?ler,,,2016
Sleepi - Talassa,2016,Out of Business,,"Smart home, Internet of things",Smart air purifier,sleepiglobal.com,FALSE,,,"Elginkan Vakf? Büyük Ödülü, Savunma Sanayii Müste?arl??? Ödülü, Halk Oylamas? Birincisi, Arçelik Büyük Ödülü, T-Jump Ventures Born Global Ödülü",155000,2016
Temperfect,2016,Out of Business,,,,,FALSE,,,Halk Oylamas? ?kincisi,3000,2016
Is?teks,2016,Out of Business,,Smart manufacturing,Smart textile products that can be heated under direct current and protect the body from cold by coating fabric fibers with silver nanowires,,FALSE,,,Elginkan Vakf? Teknoloji Büyük Ödülü,15000,2016
Planote,2016,Out of Business,,,,,FALSE,,,Microsoft Büyük Ödülü,,2016
Matmas,2016,Out of Business,,,,,FALSE,,,Halk Oylamas? Üçüncüsü,,2016
GBlock Systems,2016,Out of Business,,"Deeptech, Robotics, Industry40",Warehouse automation system,gblocksystems.com,FALSE,,"Ibrahim An?l Balkan, Emre Minçe, Kür?ad K?l?nç",Elginkan Vakf? ABD Kamp? Ödülü,,2016
Planote,2016,Out of Business,,"Event, Travel",Social travel and event recommendation platform.,planote.com,FALSE,,Irmak Ozonay,Onedio Özel Ödülü,,2016
Wmedya - Ondestek,2016,Out of Business,,Ecommerce,Live support for websites,ondestek.com,FALSE,,,"Siber Güvenlik Ödülü, BEAM Teknoloji Özel Ödülü, Microsoft Büyük Ödülü",,2016
Indisera,2016,Out of Business,,"Big data, SaaS",Social media and SEM analytics,indisera.com,FALSE,,"Bar?? Özayd?n, Ertaç Paprat",TEB Büyük Ödülü,,2016
Momentum Ar-Ge,2016,Out of Business,,"Climatetech, Energy, Cleantech",Small scale wind turbines - Karayel,momentumarge.com.tr,FALSE,,Rahmi Erdem Y?ld?z,Ostim Özel Ödülü,,2016
Deplike,2016,Active,835662,Music,Guitar amp and multi-effects processor for android,deplike.com,FALSE,ODTÜ TEKNOKENT,"Ufuk Polat, Harun Y?lmaz, An?l Mercan","ODTÜ TEKNOKENT Özel Ödülü, Onedio Özel Ödülü",,2016
Otsimo,2016,Active,641180,"Sustainability, Baby toddler, Healthtech",Education app for children who have autism syndrome,otsimo.com,FALSE,Teknopark Ankara,"Zafer Elcik, Sercan De?irmenci","ODTÜ TEKNOKENT Özel Ödülü, Onedio Özel Ödülü",,2016
Limatek Sistem,2016,Active,,Healthtech,Developing r&d project in the field of rehabilitation,limatek.com.tr,FALSE,ODTÜ TEKNOKENT,,,,2016
Cubicl,2016,Active,,SaaS,Task management,cubicl.io,FALSE,ODTÜ TEKNOKENT,Erkan Arslan,,,2016
Inofab Health,2015,Exit,3421280,"Deeptech, Healthtech","Digital health platform consisting of spirometers, smart inhalers",inofab.health,FALSE,ODTÜ TEKNOKENT,"Merthan Öztürk, Kerem Ya?ar",,,2015
Polizom,2015,Out of Business,75000,"Biotech, Deeptech",Drug discovery tool which is 40 times faster than other solutions,polizom.com,FALSE,,Serkan Altunta?,,,2015
Biyoçip Ekibi - Şekerini Bil Projesi,2015,Out of Business,,,,,FALSE,,,Elginkan Vakf? Büyük Ödülü,100000,2015
Scirobot,2015,Out of Business,,,,,FALSE,,,"Intel ABD Kamp? Özel Ödülü, Microsoft Özel Ödülü",,2015
Engelsiz ?novasyon ve Rocketscience,2015,Out of Business,,,,,FALSE,,,IBM Özel Ödülü,,2015
Machina,2015,Out of Business,,,,,FALSE,,,Arçelik ABD Kamp? Özel Ödülü,,2015
Kovan,2015,Out of Business,,,,,FALSE,,,ISSD ABD Kamp? Özel Ödülü,,2015
Footballpreneurs,2015,Out of Business,,,,,FALSE,,,Microsoft Özel Ödülü,,2015
Hidrotürbin,2015,Out of Business,,,,,FALSE,,,YEDA? ABD Kamp? Özel Ödülü,,2015
GEEN,2015,Active,120000,"Biotech, Genetics, Deeptech",Prototyping platform for genetic engineering,geenbio.com,FALSE,İstanbul,"Arda Deniz Dokuzo?lu, Arda Örçen",,,2015
2C Grubu,2014,Out of Business,,Healthtech,,,FALSE,,"Ceren Can, Pelin Koçak, Pelin ?ermikli","Elginkan Vakf? Büyük Ödülü, OSTİM ABD Kamp? Özel Ödülü",125000,2014
Chain Grubu,2014,Out of Business,,,,,FALSE,,,TEB Büyük Ödülü + Depark ABD Kamp? Özel Ödülü,125000,2014
Grafentek,2014,Out of Business,,"Deeptech, Nanotechnology",R&D firm working on nano technology applications in energy field.,,FALSE,,,Savunma Sanayii Müste?arl??? Ödülü + Arçelik ABD Kamp? Özel Ödülü,125000,2014
B&G Tech,2014,Out of Business,,,,,FALSE,,,General Electric ABD Kamp? Özel Ödülü,25000,2014
ExoDiag,2014,Out of Business,,,,,FALSE,,,Teknopark İstanbul ABD Kamp? Özel Ödülü,25000,2014
Testlance,2014,Out of Business,,Crowdsourcing,Mobile crowdsource test & QA platform,,FALSE,,Mustafa Ekrem Kenter,Microsoft ABD Kamp? Özel Ödülü,25000,2014
AIV Labs,2014,Out of Business,,,,,FALSE,,,Aselsan ABD Kamp? Özel Ödülü,25000,2014
L?-F? Teknoloji,2014,Out of Business,,,,,FALSE,,,YEDA? ABD Kamp? Özel Ödülü,25000,2014
Onedio,2013,Exit,4550000,"Content, News",Social news and viral content portal,onedio.com,FALSE,ODTÜ TEKNOKENT,"Kaan Kayabal?, Türkü Oktay, Demirhan Büyüközcü",,,2013
Alictus,2013,Exit,,Gaming,Multiplatform game development,alictus.com,FALSE,,"Emre Ta?, Ecem Baran, Onur Dilek",,,2013
Prz Biyoteknoloji,2013,Out of Business,,Healthtech,Cancer diagnostic kit production,,FALSE,,,Elginkan Vakf? Büyük Ödülü,100000,2013
Z5 Team,2013,Out of Business,,Healthtech,Non-invasive Blood Glucose Measurement,,FALSE,,"An?l Kodal, Volkan Koçak",,,2013
Easy Guitar,2013,Out of Business,,Edtech,Interactive Chord Library For Guitar,,FALSE,,"Giray Songül, Mertcan Erdo?an, Yunus Terzio?lu",,,2013
Orion,2013,Out of Business,,"Military, Electronics",Magneto-Rheological Real Time Damper System,,FALSE,,Yusuf Dabako?lu,,,2013
Fi-Lips,2013,Out of Business,,Military,,,FALSE,,"Ümmügül Erözbek Güngör, Do?an Mansuro?lu",,,2013
Fonksiyonel Yüzeyler,2013,Out of Business,,Military,,,FALSE,,Mert Mehmet Oymak,,,2013
Lazersan Elektronik,2013,Out of Business,,Military,,,FALSE,,"Mert Bayraktar, Tevfik A?ar",,,2013
Biyomekanik,2013,Out of Business,,Healthtech,Online patient-based cardiovascular system modeling,,FALSE,,?enol Pi?kin,,,2013
Ye?il Dalga,2013,Out of Business,,,,,FALSE,,"Mete Erzincanl?, Batuhan Ta?döven, Kübra Özen Seyman",,,2013
Deeblab - Turtela,2013,Active,,"Wearable, Healthtech","Developing smart, technological and innovative solutions",turtela.com,FALSE,Teknopark İzmir (İYTE),Harun Bavuno?lu,Çal?k Yeda? Özel Ödülü,25000,2013
Grid Intelligence - Reengen - Faradai,2013,Active,,"Energy, Sustainability, SaaS, Artificial intelligence",Energy and sustainability intelligence solution for enterprises,faradai.ai,FALSE,İstanbul,"?ahin Ça?layan, Ahmet Necdet Alpmen, Ali Geren, Burak Sefer, Do?an Poyraz, Utku Simitli",,,2013
BeeVision,2013,Active,,"Logistics, Image process",Low cost dimensioner for cargo boxes,beevision.ai,FALSE,ODTÜ TEKNOKENT,Ça?lar Alt?ner,,,2013
TIM Ekibi - Arı Gözü Projesi,2012,Out of Business,,,,,FALSE,,"Onur Ard?ç, Ça?lar Alt?ner","Savunma Sanayii Müste?arl??? Ödülü, DenizBank Özel Ödülü, Aselsan Özel Ödülü",125000,2012
Dentofast,2012,Out of Business,,Healthtech,,,FALSE,,,Elginkan Vakf? Büyük Ödülü,100000,2012
Javatar,2012,Out of Business,,,,,FALSE,,,Türk Telekom Büyük Ödülü,75000,2012
PragmaCraft,2012,Out of Business,,,,,FALSE,,,"Intel Özel Ödülü, Türk Telekom ?kincilik Ödülü",35000,2012
OE,2012,Out of Business,,,,,FALSE,,,Ostim Özel Ödülü,25000,2012
Alg? Ekibi,2012,Out of Business,,Military,Software-based underwater acoustic military communication system,,FALSE,,,Savunma Sanayii Müste?arl??? ?kincilik Ödülü,10000,2012
Gelecek Robotik,2012,Out of Business,,"Deeptech, Robotics","Robotic solutions and production services like robotic arms, hand.",gelecekrobotik.com.tr,FALSE,,,,,2012
GDS,2012,Out of Business,,"Military, Healthtech",The production of robotic orthesis systems for paraparetics and paraplegics,gdsmuhendislik.com.tr,FALSE,,,,,2012
Büyütech,2012,Active,7149295,"Image process, Autotech, Electronics",Image processing technologies,buyutech.com.tr,FALSE,ODTÜ TEKNOKENT,"Alparslan I??kl?, Ömer Orkun Düzta?",,,2012
Kaleidoscope Ekibi - Kapileroskop Projesi,2011,Out of Business,,,,,FALSE,,,"Elginkan Vakf? Teknoloji Ödülü, Türk Telekom Büyük Ödülü",125000,2011
Powersems Ekibi,2011,Out of Business,,,,,FALSE,,,"Bili?im ve Telekominikasyon Kategorisi ?kincilik Ödülü, Intel Özel Ödülü",25000,2011
Nanosis Ekibi - Mobial Projesi,2011,Out of Business,,,,,FALSE,,,Savunma Kategorisi ?kincilik Ödülü,10000,2011
Heavy Science Ekibi - YEF Projesi,2011,Out of Business,,,,,FALSE,,,Savunma Sanayii Büyük Ödülü,,2011
Indifide,2011,Out of Business,,"Biotech, Deeptech",Biotech company,,FALSE,,"Bahtiyar Y?lmaz, Kamil Hanayl?, Ali ?ncemehmeto?lu",,,2011
Ultravision Ekibi - Ultralight Projesi,2011,Out of Business,,,,,FALSE,,,,,2011
Kuartis - KuartisMed,2011,Active,1800000,"Deeptech, AR / VR, Artificial intelligence, Healthtech","Audio and video processing, speech recognition and machine learning solutions - Mobile application that allows you to plan and follow up the vaccinations of your children.",kuartis.com,FALSE,ODTÜ TEKNOKENT,Ahmet Saraço?lu,,,2011
Esetron,2011,Active,,"Smart city, Mechatronics, Internet of things, Industry40","Smart robo-technologies, producer of ParkTR",esetron.com.tr,FALSE,Teknopark Ankara,"Ataman Özdemir, ?shak Elmas, Serkan Tarç?n, Kemal Ar?, Koray Koç, Alper Güngör",Ostim Özel Ödülü,25000,2011
KURUP Grubu - Kirschner Operasyonu Otomasyonu Projesi - Akustik Hedef Tespiti ve Takibi,2010,Out of Business,,Deeptech,Device That Can Control Computers With Brain Waves,,FALSE,,,"Elginkan Vakf? Teknoloji Ödülü, Savunma Sanayii Müste?arl??? Ödülü",125000,2010
Ensate Yalitim,2010,Out of Business,,,Producing energy efficiency and renewable energy products,ensate.com.tr,FALSE,,,,,2010
Hormonetech ekibi - Zealous Projesi,2010,Out of Business,,,,,FALSE,,,Türk Telekom Özel Ödülü,50000,2010
Bilkentliller ekibi - Yerel Konumlandırma Sistemi projesi,2010,Out of Business,,,,,FALSE,,,Savunma kategorisinde ikincilik ödülü,10000,2010
Midas ekibi - Konum Tabanlı Reklamcılık projesi,2010,Out of Business,,,,,FALSE,,,Telekomünikasyon ve bili?im kategorisinde ikincilik ödülü,,2010
Diffuse Ekibi - Hızlı Aerojel Üretme projesi,2010,Out of Business,,,,,FALSE,,,OSTİM Sanayi Kategorisi özel ödülü,25000,2010
ISSD,2010,Active,,"Smart city, Agency",Intelligent traffic management systems,issd.com.tr,TRUE,ODTÜ TEKNOKENT,R. Ça?r? Yüzba??o?lu,,,2010
Garajsoft,2009,Out of Business,,,,,FALSE,,,Elginkan Vakf? Teknoloji Ödülü,75000,2009
Gradient,2009,Out of Business,,,,,FALSE,,,"OSTİM Ödülü, Savunma Sanayi Ödülü",30000,2009
Oratel,2009,Out of Business,,,,,FALSE,,,Savunma Sanayi Ödülü,,2009
Megomuez,2009,Out of Business,,,,,FALSE,,,,,2009
GPS-Kar??t?r?c?,2009,Out of Business,,,,,FALSE,,,Savunma Sanayi Ödülü,20000,2009
Ku?u ?HA,2009,Out of Business,,,,,FALSE,,,Savunma Sanayi Ödülü,30000,2009
MinDput - Beyin Bilgisayar Arayüz (BBA) Aletleri Kullan?larak İletişim - Minder,2009,Out of Business,,,,minder.com.tr,FALSE,,,,,2009
B?YONES?L Grubu,2008,Out of Business,,Military,Bionic Mine Detection System,,FALSE,,,"Elginkan Vakf? Teknoloji Ödülü, Savunma Sanayii Müste?arl??? Ödülü",125000,2008
Cepkod,2008,Out of Business,,,,,FALSE,,,,,2008
Kamarosa,2008,Out of Business,,,,,FALSE,,,,,2008
Terahertz,2008,Out of Business,,,,,FALSE,,,,,2008
JEOTİM Grubu - Petçed Projesi,2007,Out of Business,,,,,FALSE,,"Asl? ?lbay, Mehmet Erdem Hamamc?",Birincilik Ödülü (Kurulu? sermayesi),50000,2007
Haydiantalya Grubu - Sestarar Projesi,2007,Out of Business,,,,,FALSE,,,,,2007
RNArt Solutions Grubu - ABT Projesi,2007,Out of Business,,,,,FALSE,,,Jüri Özel ödülü,10000,2007
PALMAX Grubu - Oyna ve Öğren Projesi - Rotasoft,2006,Out of Business,,"AR / VR, Visual","Software company working on augmented reality (AR), real time image processing and 3D computer graphics",rotasoft.com.tr,FALSE,,Furkan Kuru,"Kurulu? Sermayesi, ODTÜ Teknokent Ofis Kullan?m? (Ücretsiz - 3 Y?l)",50000,2006
ANKA Grubu - Presentation Tool Projesi,2006,Out of Business,,,,,FALSE,,,,,2006
Köprü Grubu - Hayatı Yeniden Okumak Projesi,2006,Out of Business,,,,,FALSE,,,Jüri Özel Ödülü,10000,2006
RİMS Grubu - Dual Sim Kart Cep Telefonu,2006,Out of Business,,,,,FALSE,,,,,2006
VLMedia,2006,Active,,"Dating, Social network","Social network projects: Waplog, Waplog Match, Date Me and Masq",vlmedia.com,TRUE,ODTÜ TEKNOKENT,Furkan Kuru,,,2006
V-Count,2005,Active,4596987,"Retailtech, Image process",Video monitoring & people counting platform for retailers,v-count.com,TRUE,ODTÜ TEKNOKENT,"Kaan Kayabal?, Demirhan Büyüközcü",,,2005
Mobilus - Invidyo,2005,Active,2930000,"Baby toddler, Smart home, Internet of things",Standalone connected camera,invidyo.com,TRUE,ODTÜ TEKNOKENT,"Özgür Deniz Önür, Ya??z Ya?aro?lu, Ekin Dino",,,2005
